{
  "cam_1": {
    "extrinsics": [1, 0, 0, 0, 0, 1, 0, 0, 0, 0, 1, 0, 0, 0, 0, 1],
    "height": 960,
    "intrinsics": {
      "cx": 640.12213866226989,
      "cy": 471.44679262467724,
      "fx": 1117.9424267094209,
      "fy": 1126.210935329867,
      "k1": 0.23463812044613774,
      "k2": -0.72531280551132593,
      "k3": 0.74177128603272691,
      "p1": 0.00056788598574483251,
      "p2": 0.00061703770473946467
    },
    "width": 1280
  },
  "cam_2": {
    "extrinsics": [
      0.99999075249437785, -0.0012067413001027962, -0.00412779616290157,
      0.074955265528132684, 0.0012114192609458578, 0.99999862668366735,
      0.0011309704476517889, 1.6862521290151103e-5, 0.0041264257053833051,
      -0.0011359604807732132, 0.99999084106039893, 1.5622219117007383e-5, 0, 0,
      0, 1
    ],
    "height": 960,
    "intrinsics": {
      "cx": 646.13155097424374,
      "cy": 473.13885038433904,
      "fx": 1122.9244048998989,
      "fy": 1131.2154288758538,
      "k1": 0.23597302471039711,
      "k2": -0.7495595492589987,
      "k3": 0.77832503313987167,
      "p1": 0.00016556223817040019,
      "p2": 0.00026422672780662069
    },
    "width": 1280
  },
  "cam_3": {
    "extrinsics": [
      0.99996564174269187, -0.0044244766881155594, -0.0070099458031291006,
      0.05393698543086832, 0.0044328281775160728, 0.99998948313486657,
      0.001176288234685282, -5.3157354313682417e-5, 0.0070046676206016274,
      -0.0012073217047504174, 0.99997473818383342, 0.002505477305229294, 0, 0,
      0, 1
    ],
    "height": 480,
    "intrinsics": {
      "cx": 314.48858451274572,
      "cy": 238.76552930016769,
      "fx": 269.94684516785173,
      "fy": 271.64693139046778,
      "k1": -0.028403562655443571,
      "k2": 0.049238044156846884,
      "k3": -0.036254824585352015,
      "k4": 0.0097465062157842779
    },
    "width": 640
  },
  "cam_4": {
    "extrinsics": [
      0.99999742853239759, -0.00196905836042226, 0.0011250501169176375,
      0.054046503891489593, 0.0019687344394570677, 0.99999802029379969,
      0.00028895187875414542, -2.6171208408842447e-5, -0.0011256168527615659,
      -0.00028673621081245956, 0.99999932538429559, 0.0026344471812470294, 0, 0,
      0, 1
    ],
    "height": 480,
    "intrinsics": {
      "cx": 317.44683867654544,
      "cy": 238.72597311965077,
      "fx": 271.28596243463932,
      "fy": 273.13284479362341,
      "k1": -0.27831211948235574,
      "k2": 0.073302949234418754,
      "k3": -0.0076545720628827954
    },
    "width": 640
  },
  "cam_5": {
    "extrinsics": [
      0.9999804772783234, 0.0014274979618517098, -0.0060833635256719969,
      0.040902240072747204, -0.0014453500746717987, 0.99999465951794009,
      -0.0029311940844669003, 6.7470173459593941e-6, 0.0060791467639968559,
      0.0029399294495066949, 0.99997720013481, 0.0028933941472870494, 0, 0, 0, 1
    ],
    "height": 4160,
    "intrinsics": {
      "cx": 1555.8549985032191,
      "cy": 1982.617833737706,
      "fx": 3428.9762839974164,
      "fy": 3454.54728631999,
      "k1": 0.17838332957011968,
      "k2": -0.624005172300378,
      "k3": 0.62971412237537816,
      "p1": 0.00061614952669671735,
      "p2": 0.00079257040516353741
    },
    "width": 3120
  },
  "imu": {
    "bias_accel": [0, 0, 0],
    "bias_gyro": [0, 0, 0],
    "extrinsics": [
      1, 0, 0, 0.06896, 0, 1, 0, -0.00812, 0, 0, 1, -0.00845, 0, 0, 0, 1
    ],
    "gravityVector": [0, 0, -9.8007],
    "imuToCamTimeOffset": 0,
    "scaleFactorsCrossAxis_accel": [0, 0, 0, 0, 0, 0],
    "scaleFactorsCrossAxis_gyro": [0, 0, 0, 0, 0, 0],
    "scaleFactors_accel": [1, 1, 1],
    "scaleFactors_gyro": [1, 1, 1]
  }
}
